{
    "parent": "item/generated",
    "textures": {
        "layer0": "item/oak_boat"
    },
    "overrides": [
        {
            "predicate": {
                "custom_model_data": 2
            },
            "model": "block/vertical_oak_slab"
        },
		{
            "predicate": {
                "custom_model_data": 8
            },
            "model": "block/vertical_crimson_slab"
        },
		{
            "predicate": {
                "custom_model_data": 9
            },
            "model": "block/vertical_warped_slab"
        },
		{
            "predicate": {
                "custom_model_data": 10
            },
            "model": "block/vertical_stone_slab"
        },
		{
            "predicate": {
                "custom_model_data": 11
            },
            "model": "block/vertical_smooth_stone_slab"
        },
		{
            "predicate": {
                "custom_model_data": 12
            },
            "model": "block/vertical_sandstone_slab"
        },
		{
            "predicate": {
                "custom_model_data": 13
            },
            "model": "block/vertical_cut_sandstone_slab"
        },
		{
            "predicate": {
                "custom_model_data": 14
            },
            "model": "block/vertical_cobblestone_slab"
        },
		{
            "predicate": {
                "custom_model_data": 15
            },
            "model": "block/vertical_brick_slab"
        },
		{
            "predicate": {
                "custom_model_data": 16
            },
            "model": "block/vertical_stone_brick_slab"
        },
		{
            "predicate": {
                "custom_model_data": 17
            },
            "model": "block/vertical_nether_brick_slab"
        },
		{
            "predicate": {
                "custom_model_data": 18
            },
            "model": "block/vertical_quartz_slab"
        },
		{
            "predicate": {
                "custom_model_data": 19
            },
            "model": "block/vertical_red_sandstone_slab"
        },
		{
            "predicate": {
                "custom_model_data": 20
            },
            "model": "block/vertical_cut_red_sandstone_slab"
        },
		{
            "predicate": {
                "custom_model_data": 21
            },
            "model": "block/vertical_purpur_slab"
        }
    ]
}