{
	"parent": "minecraft:item/template_spawn_egg",
	"textures": {
		"layer0": "minecraft:item/spawn_egg",
		"layer1": "minecraft:item/spawn_egg_overlay"
    },
    "overrides": [
        {
            "predicate": {
                "custom_model_data": 1002
            },
            "model": "block/gui/vertical_acacia_slab"
        },
		{
            "predicate": {
                "custom_model_data": 1003
            },
            "model": "block/gui/vertical_birch_slab"
        },
		{
            "predicate": {
                "custom_model_data": 1004
            },
            "model": "block/gui/vertical_jungle_slab"
        },
		{
            "predicate": {
                "custom_model_data": 1005
            },
            "model": "block/gui/vertical_spruce_slab"
        },
		{
            "predicate": {
                "custom_model_data": 1006
            },
            "model": "block/gui/vertical_dark_oak_slab"
        },
		{
            "predicate": {
                "custom_model_data": 1007
            },
            "model": "block/gui/vertical_oak_slab"
        },
		{
            "predicate": {
                "custom_model_data": 1008
            },
            "model": "block/gui/vertical_crimson_slab"
        },
		{
            "predicate": {
                "custom_model_data": 1009
            },
            "model": "block/gui/vertical_warped_slab"
        },
		{
            "predicate": {
                "custom_model_data": 10010
            },
            "model": "block/gui/vertical_stone_slab"
        },
		{
            "predicate": {
                "custom_model_data": 10011
            },
            "model": "block/gui/vertical_smooth_stone_slab"
        },
		{
            "predicate": {
                "custom_model_data": 10012
            },
            "model": "block/gui/vertical_sandstone_slab"
        },
		{
            "predicate": {
                "custom_model_data": 10013
            },
            "model": "block/gui/vertical_cut_sandstone_slab"
        },
		{
            "predicate": {
                "custom_model_data": 10014
            },
            "model": "block/gui/vertical_cobblestone_slab"
        },
		{
            "predicate": {
                "custom_model_data": 10015
            },
            "model": "block/gui/vertical_brick_slab"
        },
		{
            "predicate": {
                "custom_model_data": 10016
            },
            "model": "block/gui/vertical_stone_brick_slab"
        },
		{
            "predicate": {
                "custom_model_data": 10017
            },
            "model": "block/gui/vertical_nether_brick_slab"
        },
		{
            "predicate": {
                "custom_model_data": 10018
            },
            "model": "block/gui/vertical_quartz_slab"
        },
		{
            "predicate": {
                "custom_model_data": 10019
            },
            "model": "block/gui/vertical_red_sandstone_slab"
        },
		{
            "predicate": {
                "custom_model_data": 10020
            },
            "model": "block/gui/vertical_cut_red_sandstone_slab"
        },
		{
            "predicate": {
                "custom_model_data": 10021
            },
            "model": "block/gui/vertical_purpur_slab"
        }
    ]
}