{
	"credit": "Made with Blockbench",
	"elements": [
		{
			"from": [0, 0, 8],
			"to": [16, 16, 16],
			"rotation": {"angle": 0, "axis": "y", "origin": [8, 8, 23]},
			"faces": {
				"north": {"uv": [0, 0, 16, 16], "texture": "#0"},
				"east": {"uv": [0, 0, 16, 8], "rotation": 270, "texture": "#1"},
				"south": {"uv": [0, 0, 16, 16], "texture": "#0"},
				"west": {"uv": [0, 0, 16, 8], "rotation": 90, "texture": "#1"},
				"up": {"uv": [0, 0, 16, 8], "rotation": 180, "texture": "#1"},
				"down": {"uv": [0, 0, 16, 8], "texture": "#1"}
			}
		}
	],
	"display": {
		"head": {
			"translation": [0, -32.95, 0],
			"scale": [2.287, 2.287, 2.287]
		}
	}
}