{
	"credit": "Made with Blockbench",
	"parent": "block/block",
	"textures": {
		"particle": "#0"
	},
	"elements": [
		{
			"from": [0, 0, 8],
			"to": [16, 16, 16],
			"rotation": {"angle": 0, "axis": "y", "origin": [8, 8, 23]},
			"faces": {
				"north": {"uv": [0, 0, 16, 16], "texture": "#0"},
				"east": {"uv": [0, 0, 9, 16], "texture": "#0"},
				"south": {"uv": [0, 0, 16, 16], "texture": "#0"},
				"west": {"uv": [0, 0, 8, 16], "texture": "#0"},
				"up": {"uv": [0, 0, 8, 16], "rotation": 270, "texture": "#0"},
				"down": {"uv": [0, 0, 8, 16], "rotation": 90, "texture": "#0"}
			}
		}
	]
}